image,predicted_class,raw_confidence,final_confidence
003ec5e0-cfec-4f63-85ad-ad694dc3d8ce.jpg,melanoma,0.7664616107940674,0.8538717031478882
005de850-ed09-4462-9ac8-89cddd3599aa.jpg,melanoma,0.7060016989707947,0.7882509827613831
01a7b448-88d0-44f8-b3c5-412b9384da05.jpg,melanoma,0.49312248826026917,0.5224848985671997
05956730-d387-4102-9b9f-e9d9945c15b5.jpg,bcc,0.2907975912094116,0.3155966103076935
0624c4be-178d-4b61-b7c0-e3c9ab7d4a00.jpg,melanoma,0.49312248826026917,0.5224848985671997
07af1ed7-4fa2-4cb8-a23e-33011ca8f8ca.jpg,vascular,0.8010971546173096,0.8876373767852783
07ed7313-5ce3-424e-9fa6-76abde0a40d8.jpg,vascular,0.9758526682853699,0.98
083531f0-2db0-4920-9bd3-6b7da2b82f4f.jpg,melanoma,0.7523367404937744,0.8269274234771729
0858904b-9172-4884-9ac6-023af58c89b1.jpg,df,0.4602447748184204,0.5047216415405273
0c999b91-bd41-4fc8-8aff-8c115928b1e2.jpg,melanoma,0.7663242816925049,0.8490473031997681
0d38f3b6-c493-4919-8a3d-e0f57e8c8b88.jpg,melanoma,0.5539296269416809,0.6117236018180847
129116de-d5ea-4abe-a527-af85816e78ba.jpg,bcc,0.20097772777080536,0.21330022811889648
13ffd62d-0f7c-4b1e-984d-61ae805ec829.jpg,bkl,0.6948950886726379,0.7813546061515808
1448c041-c505-4b8c-b4a2-2135904f9281.jpg,melanoma,0.3958079218864441,0.42077428102493286
16caad0e-e222-4fa0-b649-9378059d9bb8.jpg,vascular,0.9758526682853699,0.98
181f599c-36b5-414c-a0a4-1554ada0dc1b.jpg,melanoma,0.5749347805976868,0.6199560761451721
1846f5de-9aaf-4068-9ece-ea423b6d9f37.jpg,melanoma,0.49312248826026917,0.5224848985671997
197901de-87f5-47d8-91c3-3a6ec5c45902.jpg,df,0.5027539134025574,0.5220551490783691
19b60e38-7677-4e46-87d8-9ebc5d50c0cf.jpg,bcc,0.5504966378211975,0.6367819905281067
1a780512-3a01-4027-ba61-eaedbe4d7b0a.jpg,vascular,0.9758526682853699,0.98
1aff5b6f-eb80-405b-815d-6da4cdb59a19.jpg,melanoma,0.7664616107940674,0.8538717031478882
1c64396b-b70c-4ab0-a081-151b8de87c6b.jpg,vascular,0.9758526682853699,0.98
1c6c1e60-76d2-441c-8a80-63b497288b3d.jpg,bcc,0.42861878871917725,0.4745910167694092
1d5bf084-2543-4d95-a6fe-d1f4d32f5e55.jpg,bkl,0.6027944684028625,0.7044559121131897
1ea13812-b5b2-409d-a727-66410256f137.jpg,nevus,0.42004403471946716,0.46814876794815063
1fc01f34-df44-44fe-8947-61157f7fc79f.jpg,melanoma,0.5247117877006531,0.5990265607833862
20104f30-3082-4071-815e-fdbd431e72d4.jpg,melanoma,0.5749347805976868,0.6199560761451721
20eb87e8-4b2a-439f-bb79-86175b3175f8.jpg,bcc,0.34487056732177734,0.3797343075275421
22cb54cd-d6b7-48e0-a622-65827e471dd5.jpg,melanoma,0.6634568572044373,0.7473255395889282
253344ff-8b85-4815-a29c-4752eb41dc28.jpg,melanoma,0.49312248826026917,0.5224848985671997
27b15e2b-3bd5-474f-b573-a9893abf84d2.jpg,vascular,0.9758526682853699,0.98
28719677-b44e-4f7d-8613-a43597753d84.jpg,melanoma,0.8540967702865601,0.922551155090332
2acbec77-3757-4e76-aa0e-bfc296693785.jpg,nevus,0.38577866554260254,0.4281560778617859
2d20acec-5836-4fe9-9976-548bc05c65ae.jpg,melanoma,0.5905027985572815,0.6855063438415527
2e58dc12-e56d-4be5-91c1-7a8fb81076e4.jpg,bkl,0.7672551274299622,0.8472290635108948
3154e477-ada7-4f47-b8ec-cc92135654b7.jpg,melanoma,0.49312248826026917,0.5224848985671997
33a03c4d-bd70-430e-acab-dc6ac7e4e2df.jpg,melanoma,0.5749347805976868,0.6199560761451721
3475620f-1c98-4aee-a9c6-4e1b275a6278.jpg,bkl,0.7672551274299622,0.8472290635108948
350dc5f9-e480-4946-bf87-9e6551c78a06.jpg,melanoma,0.7664616107940674,0.8538717031478882
36acfdbb-d091-4a52-8255-1f1db1b93094.jpg,melanoma,0.48508158326148987,0.5341582298278809
382862fe-8c66-43c2-a789-500a3bd86bec.jpg,df,0.4602447748184204,0.5047216415405273
38aba56d-6538-402c-b5a4-9c517811ef7f.jpg,melanoma,0.41642898321151733,0.4498271644115448
3af7e9a0-4a55-4ba7-ac29-32dc0859d2b4.jpg,vascular,0.9940451383590698,0.98
3b39dc09-1df2-4275-a4eb-9f25e4a7db1c.jpg,melanoma,0.49312248826026917,0.5224848985671997
3c33bcab-b435-4e36-b0bb-ae3cee27c767.jpg,df,0.7619733214378357,0.8430441617965698
3cb0060e-c259-4d95-9860-afe9d1d330b9.jpg,bkl,0.4342862069606781,0.4947914481163025
3cd8cb0c-76e4-4569-b45d-70e2a5f557d2.jpg,melanoma,0.5000336170196533,0.5678785443305969
3df9071d-d1f4-4322-affd-9c583f11180f.jpg,melanoma,0.48597726225852966,0.5386340022087097
3e2b606b-9ff8-4d46-a4d5-bb95757cb41f.jpg,df,0.5027539134025574,0.5220551490783691
3f3b31e3-86eb-4b2f-86d4-f9a220437fee.jpg,melanoma,0.7523367404937744,0.8269274234771729
3f662faa-c3a4-4973-813a-e17a87821097.jpg,melanoma,0.5749347805976868,0.6199560761451721
4133ccfe-8a86-4813-bfc0-4650a2cf5dcc.jpg,melanoma,0.8395650386810303,0.90919029712677
41994c78-7fe8-457a-8ec7-6d4b160b71c3.jpg,df,0.5027539134025574,0.5220551490783691
4243e2ef-a1b7-45ba-aa5f-f78541c1bc03.jpg,bkl,0.41895681619644165,0.4479338526725769
42ff2145-ed10-4522-89ff-321f26fc330f.jpg,melanoma,0.5749347805976868,0.6199560761451721
436176bb-8d25-4f09-a737-8c327dddd064.jpg,vascular,0.9758526682853699,0.98
43bf9a88-4a6c-44e8-a690-95c5c9f17565.jpg,df,0.5027539134025574,0.5220551490783691
449c2357-46aa-4357-b2ca-9ce8666a3f1c.jpg,nevus,0.44928714632987976,0.48447129130363464
459e1989-5e1a-4c90-bf44-265728fa06e2.jpg,melanoma,0.7664616107940674,0.8538717031478882
4838c527-288d-4631-8b63-11264bf20f90.jpg,nevus,0.5901514291763306,0.6945057511329651
4db37116-a2c8-436c-9bd0-83041c54f924.jpg,bcc,0.5236732959747314,0.6057398915290833
51ed1b1f-bb23-4b9f-b552-5d1d69739b4c.jpg,bkl,0.6190559267997742,0.6874620318412781
53742a88-477a-4d96-aa96-5ebf1f70a006.jpg,bkl,0.7672551274299622,0.8472290635108948
5374d39c-5289-40e5-8085-5d33034b9940.jpg,vascular,0.9758526682853699,0.98
55dfbba4-cea8-4a13-be6a-ebac78ae1b38.jpg,vascular,0.9758526682853699,0.98
565a0628-6173-45a3-953a-6438d1328eb2.jpg,vascular,0.9758526682853699,0.98
59f10d45-45b6-46b8-9a35-3d0704862671.jpg,vascular,0.9940451383590698,0.98
5d90fa4d-76a9-4a48-87fa-7a98de8e6181.jpg,df,0.9924225211143494,0.98
5e393109-0f94-4897-a531-fb40845e96c2.jpg,bcc,0.6125918626785278,0.6757786273956299
5e8cb3a2-b111-4d8b-ae83-61d06188be55.jpg,bcc,0.3627260625362396,0.4009714126586914
612c4a52-3703-405f-81e7-4426188fc962.jpg,df,0.5027539134025574,0.5220551490783691
6194c4bf-3c38-4ca3-b504-a51fdc619350.jpg,melanoma,0.5749347805976868,0.6199560761451721
630b7525-d25a-4f27-9711-a60c00cda805.jpg,nevus,0.5245270133018494,0.6031571626663208
670d65a0-5c78-453f-80ac-4c367f2776fb.jpg,bcc,0.4430173933506012,0.5044110417366028
686cc66b-1590-40b6-a242-b11b491d913b.jpg,melanoma,0.7663242816925049,0.8490473031997681
69ebfff4-0803-4c72-9d5c-0f21bc0d5fdb.jpg,vascular,0.9758526682853699,0.98
6a6f8b9c-8517-46a8-92ba-82065a739baf.jpg,df,0.5027539134025574,0.5220551490783691
6abaf923-f2cf-4482-9588-892e28bb9810.jpg,melanoma,0.4111541211605072,0.4743499755859375
6c439f16-29b5-45f6-b817-2f9178d70934.jpg,melanoma,0.7663242816925049,0.8490473031997681
71ce911c-6564-4fc2-97fe-d5d2c5a0a031.jpg,melanoma,0.5000336170196533,0.5678785443305969
7363a527-a8ea-4623-8abf-7f8702281fb8.jpg,df,0.5027539134025574,0.5220551490783691
74fa5506-2516-4bb9-a5e1-b3ee4a13aebb.jpg,melanoma,0.5749347805976868,0.6199560761451721
7540b48e-aa4f-4e4b-a117-a95fa5cf2cc2.jpg,melanoma,0.7664616107940674,0.8538717031478882
759a6a45-7389-4515-89ac-c61558f4a708.jpg,melanoma,0.6027224659919739,0.6762248277664185
78ae3563-8b62-4d35-9fbd-60482618f10a.jpg,melanoma,0.7664616107940674,0.8538717031478882
7b385779-9173-465d-aeb9-17b70d33ed4f.jpg,actinic,0.75472491979599,0.8496328592300415
7d96a95e-e134-4522-9b3d-24b96d00eae6.jpg,vascular,0.9758526682853699,0.98
7ecb2afe-926b-4568-bd7d-bd614776eeb9.jpg,df,0.5027539134025574,0.5220551490783691
7f4a90b0-621c-47bc-8fae-2fd40eb885ab.jpg,vascular,0.9758526682853699,0.98
82373a57-ef50-4600-824a-fd2ebbdb862a.jpg,bkl,0.5084267258644104,0.5676066875457764
83163f9a-8c31-4ba6-ad51-1aa1fb1fe538.jpg,melanoma,0.49312248826026917,0.5224848985671997
84f0ef7b-e166-4682-a2b1-25922fb6e84c.jpg,vascular,0.8127787113189697,0.9017941951751709
8d4b18d7-c370-4b49-82bb-ab932b66a3c7.jpg,melanoma,0.3425174951553345,0.3852470815181732
906dac06-73c0-4c71-86f0-4c7b6e39d26f.jpg,df,0.5027539134025574,0.5220551490783691
907b24e1-208e-4b40-95aa-6d29e301a653.jpg,melanoma,0.6838811039924622,0.7657167315483093
915a3583-76af-4308-83c9-145df78257f6.jpg,vascular,0.9758526682853699,0.98
9195ef9a-0c94-4a1b-81a6-8a5fd7216b83.jpg,bkl,0.6190559267997742,0.6874620318412781
92c8ad6d-f1f6-4e53-803a-d7168b76fb5a.jpg,vascular,0.9758526682853699,0.98
93894a37-524d-4c66-bdf5-1fdcbb9c672d.jpg,bkl,0.7672551274299622,0.8472290635108948
93f62ae4-0ef7-4c7e-8cf0-45872a641f0c.jpg,actinic,0.9118701219558716,0.9623495936393738
944a7fa1-3177-4f67-b022-e64de506e62c.jpg,df,0.37565919756889343,0.42093363404273987
95b636a4-8a60-4dc6-80ab-a9cdae7e8995.jpg,melanoma,0.5749347805976868,0.6199560761451721
96855662-d572-4152-bdaf-e2f05de5a0e6.jpg,vascular,0.9758526682853699,0.98
977d770d-2c1b-4b99-b375-23fc128d099a.jpg,melanoma,0.3425174951553345,0.3852470815181732
9b5b0cf6-dddf-471b-905e-7da145148d62.jpg,melanoma,0.5539296269416809,0.6117236018180847
9be1ec6e-a0dc-4d21-bf1f-52fc439bcc2a.jpg,melanoma,0.5000336170196533,0.5678785443305969
9bf79b17-0bb9-4864-8d8a-dbee44d70b45.jpg,melanoma,0.5539296269416809,0.6117236018180847
9da71dfe-3351-4e07-83ec-c394fa07e11f.jpg,bkl,0.4342862069606781,0.4947914481163025
9dfff26d-bf0d-44f6-af1f-4a18f6d6f50b.jpg,nevus,0.7151040434837341,0.8155393004417419
9fa4cdad-4e01-4039-831d-2d421e009e3b.jpg,vascular,0.9758526682853699,0.98
a0c504cb-70c0-4761-878a-0dc0add5fc95.jpg,vascular,0.9758526682853699,0.98
a1e14db4-6f44-4409-9d13-80210b7102f3.jpg,melanoma,0.7177652716636658,0.7989765405654907
a2e825cd-45de-40ac-a245-6cdb9bcfefbb.jpg,bcc,0.6483779549598694,0.7628855109214783
a35f6d88-0ea2-426f-b02a-6ae557d35816.jpg,vascular,0.5755090713500977,0.662183403968811
a486a546-54ea-4844-a5d5-b8943c2e99d8.jpg,bcc,0.7787598967552185,0.8743627071380615
a5810475-3dc5-49b6-a98a-abb9f9b9972f.jpg,bkl,0.4342862069606781,0.4947914481163025
a5ecf230-207c-46f2-b1d6-f2813ac92206.jpg,nevus,0.40949857234954834,0.46024879813194275
a6067d09-907c-4ea0-b12a-830e2f782630.jpg,nevus,0.5675694346427917,0.6510520577430725
a68b7283-a5f1-4e86-a658-d6228ff3362a.jpg,df,0.5027539134025574,0.5220551490783691
a90c5124-e73f-4581-beb4-7e1ef195e675.jpg,df,0.7008152008056641,0.7642277479171753
aa3468a9-1c2b-4dd0-9925-ef1ab8a52a5d.jpg,vascular,0.9758526682853699,0.98
aca09cb8-d311-4f9d-8b5a-7ac8162fee01.jpg,df,0.8112105131149292,0.8981255888938904
acadaa59-c2be-4812-847e-a39ea765ecf4.jpg,melanoma,0.6111560463905334,0.6915374398231506
ad5f5b17-5db7-43c5-a2a2-9e6bbbf33603.jpg,melanoma,0.577158510684967,0.6438778638839722
ae4c8094-089e-405f-8fc3-279343767f93.jpg,bcc,0.5864686965942383,0.6904422044754028
af7b30a9-522b-4d38-9c45-7d72025bec57.jpg,melanoma,0.6777980923652649,0.7693954706192017
b0eec4c8-d63b-45ed-8ef4-4ea144ba49ae.jpg,vascular,0.9758526682853699,0.98
b1ca9c1b-2bcc-47b6-b378-8c927dab2f45.jpg,melanoma,0.5539296269416809,0.6117236018180847
b49d03e4-9884-4bc0-a4e5-8cdba14e18e8.jpg,melanoma,0.42222023010253906,0.4510120153427124
b66e2b10-6da2-4b25-a792-2f54b263f14a.jpg,melanoma,0.5415709614753723,0.5873621702194214
b6e3c3ba-de6f-4206-9dec-39e3ae73d392.jpg,melanoma,0.42222023010253906,0.4510120153427124
b856e8b3-a192-488c-9168-c69589af98c2.jpg,melanoma,0.7256070971488953,0.8060336112976074
b8cdde00-f62c-4994-aa7a-d721a42188ea.jpg,melanoma,0.4435184597969055,0.518999457359314
b9c0d14b-ad01-47d7-858f-c90ac81fdea6.jpg,melanoma,0.7664616107940674,0.8538717031478882
b9ccee8a-6d4a-4d1e-8d04-fc29d57d27b9.jpg,melanoma,0.5176830291748047,0.5784803032875061
ba3f6bb3-ed6a-4459-bef1-0e26b070df30.jpg,bkl,0.7672551274299622,0.8472290635108948
ba921584-5f3d-459b-9ed2-6b2810ea3f49.jpg,vascular,0.9758526682853699,0.98
bb184406-d039-42a8-ad88-c297565f65dc.jpg,bcc,0.41871753334999084,0.4719390869140625
bc5cdf4f-f95d-467b-b014-de01110b94a5.jpg,bcc,0.5555981993675232,0.5977970361709595
bce1804f-fd9a-4efa-b1de-81c00405aa41.jpg,vascular,0.9758526682853699,0.98
be948469-b6e0-4e43-bace-d0d8a5948fec.jpg,bcc,0.6074671745300293,0.6994528770446777
bf89ec72-2e2d-414c-8073-ebfec174450f.jpg,vascular,0.9758526682853699,0.98
c3346aee-4909-4b7c-8378-2022c7bed4f3.jpg,melanoma,0.46336811780929565,0.5272727012634277
c72908ac-d3ce-451f-b716-1fb25dd0c171.jpg,melanoma,0.5905027985572815,0.6855063438415527
c9ab411d-a25e-42ab-aefd-978709db6679.jpg,vascular,0.9758526682853699,0.98
cbaad8b2-3f4a-4649-bb32-86085ac5b5f3.jpg,melanoma,0.5101017951965332,0.5564807057380676
cc3df248-7946-4307-9489-ebf7ca2e2b8e.jpg,melanoma,0.5749347805976868,0.6199560761451721
cd0a291b-a32f-4386-9b81-6d3ebe9828e5.jpg,df,0.5027539134025574,0.5220551490783691
cd1f2647-61f7-4f12-9e2d-4ece426c6f04.jpg,vascular,0.9914796352386475,0.98
cdd58d07-9753-43b6-bafd-e7e052f974c2.jpg,melanoma,0.49312248826026917,0.5224848985671997
cdde0a09-dd80-4196-b813-58b7d3b8414f.jpg,vascular,0.9758526682853699,0.98
d0390c41-4057-427d-8224-1358176b358f.jpg,melanoma,0.8395650386810303,0.90919029712677
d0647da2-4d21-4659-ba07-d36aebdbb8cd.jpg,nevus,0.48084557056427,0.5481176376342773
d2a03443-fd69-45de-b5fd-885f68a37c0e.jpg,vascular,0.9758526682853699,0.98
d3e1407e-ef68-4127-8d00-2e3b1497b060.jpg,melanoma,0.4571583569049835,0.4963339865207672
d68576e1-dff7-4b20-95e1-dccad3f59a8e.jpg,melanoma,0.5005653500556946,0.5419756174087524
d68fddb8-1093-46ff-8965-6cdd41397e1a.jpg,vascular,0.9758526682853699,0.98
d84c40dc-839f-4095-ad8a-71837dfa8ae8.jpg,melanoma,0.5749347805976868,0.6199560761451721
d92c1340-331d-4ea5-a9c0-de25c3f21b50.jpg,melanoma,0.6595202088356018,0.7490494251251221
dae96863-32c3-4a90-9cc4-af475e671407.jpg,melanoma,0.7664616107940674,0.8538717031478882
db48f299-085e-4e3e-a764-903a0684d058.jpg,bcc,0.34487056732177734,0.3797343075275421
dbe45e91-e654-48dc-8e39-0623b27ee344.jpg,melanoma,0.7664616107940674,0.8538717031478882
dbecc45e-185a-4689-8468-6cd290da8026.jpg,vascular,0.9758526682853699,0.98
df8c4149-5c86-4d89-b3d2-a40a1bb9cf91.jpg,melanoma,0.5749347805976868,0.6199560761451721
dff3e1af-4fd9-4c8a-993a-63f7a0dafb30.jpg,melanoma,0.5181798338890076,0.5803200602531433
e1e91783-5114-4a35-9ce9-30236d2dc58d.jpg,df,0.7619733214378357,0.8430441617965698
e2c31422-4bff-48d3-94f1-ba684adf796e.jpg,bkl,0.5739549994468689,0.6670464873313904
e344c54c-72ae-4385-bb94-301320064f95.jpg,melanoma,0.5101017951965332,0.5564807057380676
e4293049-375c-431b-94b7-5ec8b3ceb4ea.jpg,melanoma,0.49312248826026917,0.5224848985671997
e4fc3774-4eba-45b6-94d2-43df6dacf82f.jpg,melanoma,0.5905027985572815,0.6855063438415527
e702bc8c-8d40-45e9-878f-cd6a17d39f39.jpg,df,0.37565919756889343,0.42093363404273987
e85d2fa1-1004-480c-a0ca-1487a63460ca.jpg,melanoma,0.7523367404937744,0.8269274234771729
e8628069-fe52-46cd-946b-d48eb3b0c9d8.jpg,vascular,0.8127787113189697,0.9017941951751709
ea98a2c7-31c3-4e34-94c1-4e67255c8784.jpg,actinic,0.2610047161579132,0.2958137094974518
ea9a3692-336e-4a1a-a62a-9c5a5f6273dd.jpg,bkl,0.40927210450172424,0.44645875692367554
eb5481f4-f1b6-4bc9-b6bc-6a90c97a4805.jpg,vascular,0.513705849647522,0.5983572006225586
ec88e164-120a-42c5-a0c4-4368236fb7b0.jpg,vascular,0.9758526682853699,0.98
ee41cfd1-7e9d-41d9-b7ad-826235dfc018.jpg,bkl,0.4342862069606781,0.4947914481163025
f1da5ca5-a4f6-4290-803a-b4a0e30849a1.jpg,bcc,0.5853453874588013,0.7016429305076599
f1dd2b44-1ff3-4308-a730-d8e9d2a21aa3.jpg,nevus,0.4240889251232147,0.4807848036289215
f3567f55-c8fe-4040-9cee-01b3ef022bd6.jpg,melanoma,0.7664616107940674,0.8538717031478882
f434eb0e-c0e1-42b2-a550-3c880b658038.jpg,melanoma,0.5347396731376648,0.631450891494751
f4bf14ff-de80-4312-80a7-9218e12509f8.jpg,vascular,0.9758526682853699,0.98
f4f67e8a-cfdf-4356-9719-07260249c55c.jpg,bkl,0.4342862069606781,0.4947914481163025
f5642d0b-8a2e-4a95-87f2-ec16e63cfa5f.jpg,df,0.5027539134025574,0.5220551490783691
f607dac5-37f2-48e4-904c-49fe78b1bb62.jpg,melanoma,0.5091046094894409,0.5555761456489563
f64b9119-2f20-44a3-adb0-da7a87745b4d.jpg,melanoma,0.49312248826026917,0.5224848985671997
f73501d6-86a7-432c-a1c5-236e16b35bcd.jpg,melanoma,0.31613752245903015,0.3512910306453705
fa7d1a33-185b-4cd1-8545-f9930e962ca4.jpg,melanoma,0.7523367404937744,0.8269274234771729
fadbbb52-d8d7-449b-9a34-40d5711b840c.jpg,melanoma,0.7664616107940674,0.8538717031478882
fdab0ff5-aea4-4867-9b96-bbe8d0360a1a.jpg,melanoma,0.49312248826026917,0.5224848985671997
fe007e72-40b7-4d64-9415-af081bcecb6c.jpg,vascular,0.9894962906837463,0.98
